customer_id,name,segment,segment_th,brand,brand_th,size_kg,credit_customer,cylinders_held,cylinders_with_deposit,cylinders_extra,cylinder_value,held_value,extra_value,last_order_date,idle_days,is_dormant,dormant_cylinders,dormant_value,ar_outstanding,ar_oldest_days,ar_over_60
C001,บ้านคุณอำนวย (หมู่บ้านร่มเย็น),household,บ้าน,SGP,สยามแก๊ส,15,N,1,1,0,1300,1300,0,2026-09-13,17,0,0,0,0,,0
C002,บ้านคุณชัยวัฒน์ (ซอย 5),household,บ้าน,SGP,สยามแก๊ส,15,N,1,1,0,1300,1300,0,2026-08-28,33,0,0,0,0,,0
C003,บ้านคุณสมพร (ซอย 1),household,บ้าน,PTT,ปตท.,4,N,1,1,0,700,700,0,2026-08-27,34,0,0,0,0,,0
C004,บ้านคุณธวัชชัย (ตลาดเช้า),household,บ้าน,SGP,สยามแก๊ส,15,N,1,1,0,1300,1300,0,2026-09-10,20,0,0,0,0,,0
C005,บ้านคุณสมศรี (ซอย 7),household,บ้าน,WP,เวิลด์แก๊ส,15,N,1,1,0,1300,1300,0,2026-07-06,86,1,1,1300,0,,0
C006,บ้านคุณไพโรจน์ (ซอย 5),household,บ้าน,PTT,ปตท.,15,N,1,1,0,1300,1300,0,2026-09-09,21,0,0,0,0,,0
C007,บ้านคุณประยูร (ถนนใหญ่),household,บ้าน,SGP,สยามแก๊ส,15,N,1,1,0,1300,1300,0,2026-09-05,25,0,0,0,0,,0
C008,บ้านคุณกาญจนา (ถนนใหญ่),household,บ้าน,WP,เวิลด์แก๊ส,15,N,1,1,0,1300,1300,0,2026-08-19,42,0,0,0,0,,0
C009,บ้านคุณธวัชชัย (ซอย 7),household,บ้าน,SGP,สยามแก๊ส,15,N,1,1,0,1300,1300,0,2026-09-17,13,0,0,0,0,,0
C010,บ้านคุณสมชาย (หมู่บ้านสุขใจ),household,บ้าน,WP,เวิลด์แก๊ส,15,N,1,1,0,1300,1300,0,2026-09-28,2,0,0,0,0,,0
C011,บ้านคุณวันเพ็ญ (ซอย 3),household,บ้าน,WP,เวิลด์แก๊ส,15,N,1,1,0,1300,1300,0,2026-09-01,29,0,0,0,0,,0
C012,บ้านคุณปราณี (ซอย 5),household,บ้าน,WP,เวิลด์แก๊ส,15,N,1,1,0,1300,1300,0,2026-09-02,28,0,0,0,0,,0
C013,บ้านคุณพรทิพย์ (ถนนใหญ่),household,บ้าน,PTT,ปตท.,15,N,1,1,0,1300,1300,0,2026-09-14,16,0,0,0,0,,0
C014,บ้านคุณรัตนา (ซอย 7),household,บ้าน,WP,เวิลด์แก๊ส,15,N,1,1,0,1300,1300,0,2026-08-17,44,0,0,0,0,,0
C015,บ้านคุณลำดวน (ซอย 5),household,บ้าน,UNQ,ยูนิคแก๊ส,15,N,1,1,0,1300,1300,0,2026-08-25,36,0,0,0,0,,0
C016,บ้านคุณรัตนา (ซอย 1),household,บ้าน,WP,เวิลด์แก๊ส,15,N,1,1,0,1300,1300,0,2026-09-29,1,0,0,0,0,,0
C017,บ้านคุณอำนวย (ถนนใหญ่),household,บ้าน,PTT,ปตท.,15,N,1,1,0,1300,1300,0,2026-09-15,15,0,0,0,0,,0
C018,บ้านคุณวันเพ็ญ (ซอย 1),household,บ้าน,WP,เวิลด์แก๊ส,15,N,1,1,0,1300,1300,0,2026-09-25,5,0,0,0,0,,0
C019,บ้านคุณปราณี (ซอย 7),household,บ้าน,PTT,ปตท.,15,N,1,1,0,1300,1300,0,2026-09-09,21,0,0,0,0,,0
C020,บ้านคุณจันทร์เพ็ญ (ถนนใหญ่),household,บ้าน,UNQ,ยูนิคแก๊ส,15,N,1,1,0,1300,1300,0,2026-08-24,37,0,0,0,0,,0
C021,บ้านคุณลำดวน (ถนนใหญ่),household,บ้าน,PTT,ปตท.,15,N,1,1,0,1300,1300,0,2026-09-04,26,0,0,0,0,,0
C022,บ้านคุณจันทร์เพ็ญ (หมู่บ้านสุขใจ),household,บ้าน,PTT,ปตท.,15,N,1,1,0,1300,1300,0,2026-08-31,30,0,0,0,0,,0
C023,บ้านคุณอำนวย (ซอย 3),household,บ้าน,SGP,สยามแก๊ส,15,N,1,1,0,1300,1300,0,2026-08-18,43,0,0,0,0,,0
C024,บ้านคุณวิชัย (ชุมชนริมคลอง),household,บ้าน,PTT,ปตท.,15,N,1,1,0,1300,1300,0,2026-09-26,4,0,0,0,0,,0
C025,บ้านคุณณรงค์ (หมู่บ้านสุขใจ),household,บ้าน,WP,เวิลด์แก๊ส,15,N,2,1,1,1300,2600,1300,2026-09-25,5,0,0,0,0,,0
C026,บ้านคุณชัยวัฒน์ (ตลาดนัดเย็น),household,บ้าน,WP,เวิลด์แก๊ส,15,N,1,1,0,1300,1300,0,2026-09-02,28,0,0,0,0,,0
C027,บ้านคุณสุรชัย (หมู่บ้านร่มเย็น),household,บ้าน,UNQ,ยูนิคแก๊ส,15,N,1,1,0,1300,1300,0,2026-09-22,8,0,0,0,0,,0
C028,บ้านคุณปราณี (ถนนใหญ่),household,บ้าน,PTT,ปตท.,4,N,1,1,0,700,700,0,2026-08-31,30,0,0,0,0,,0
C029,บ้านคุณชัยวัฒน์ (ถนนใหญ่),household,บ้าน,WP,เวิลด์แก๊ส,15,N,1,1,0,1300,1300,0,2026-09-21,9,0,0,0,0,,0
C030,บ้านคุณประยูร (ซอย 3),household,บ้าน,PTT,ปตท.,15,N,1,1,0,1300,1300,0,2026-09-24,6,0,0,0,0,,0
C031,บ้านคุณสมพร (ชุมชนริมคลอง),household,บ้าน,WP,เวิลด์แก๊ส,15,N,1,1,0,1300,1300,0,2026-08-29,32,0,0,0,0,,0
C032,บ้านคุณบุญมี (ชุมชนริมคลอง),household,บ้าน,UNQ,ยูนิคแก๊ส,15,N,1,1,0,1300,1300,0,2026-09-12,18,0,0,0,0,,0
C033,บ้านคุณมาลี (ชุมชนริมคลอง),household,บ้าน,UNQ,ยูนิคแก๊ส,15,N,1,1,0,1300,1300,0,2026-09-07,23,0,0,0,0,,0
C034,บ้านคุณสมชาย (ซอย 1),household,บ้าน,UNQ,ยูนิคแก๊ส,15,N,1,1,0,1300,1300,0,2026-09-28,2,0,0,0,0,,0
C035,บ้านคุณรัตนา (ตลาดเช้า),household,บ้าน,UNQ,ยูนิคแก๊ส,15,N,1,1,0,1300,1300,0,2026-09-08,22,0,0,0,0,,0
C036,บ้านคุณเกษม (ตลาดเช้า),household,บ้าน,WP,เวิลด์แก๊ส,15,N,1,1,0,1300,1300,0,2026-09-12,18,0,0,0,0,,0
C037,บ้านคุณไพโรจน์ (ซอย 3),household,บ้าน,WP,เวิลด์แก๊ส,15,N,1,1,0,1300,1300,0,2026-09-20,10,0,0,0,0,,0
C038,บ้านคุณทองดี (ซอย 7),household,บ้าน,SGP,สยามแก๊ส,15,N,1,1,0,1300,1300,0,2026-08-22,39,0,0,0,0,,0
C039,บ้านคุณนงลักษณ์ (หมู่บ้านร่มเย็น),household,บ้าน,PTT,ปตท.,15,N,1,1,0,1300,1300,0,2026-09-01,29,0,0,0,0,,0
C040,บ้านคุณวันเพ็ญ (ชุมชนริมคลอง),household,บ้าน,UNQ,ยูนิคแก๊ส,15,N,1,1,0,1300,1300,0,2026-09-21,9,0,0,0,0,,0
C041,บ้านคุณวิชัย (ซอย 7),household,บ้าน,UNQ,ยูนิคแก๊ส,15,N,1,1,0,1300,1300,0,2026-09-19,11,0,0,0,0,,0
C042,บ้านคุณอรุณ (หมู่บ้านร่มเย็น),household,บ้าน,WP,เวิลด์แก๊ส,15,N,1,1,0,1300,1300,0,2026-09-28,2,0,0,0,0,,0
C043,บ้านคุณสมพร (ตลาดเช้า),household,บ้าน,WP,เวิลด์แก๊ส,15,N,1,1,0,1300,1300,0,2026-09-30,0,0,0,0,0,,0
C044,บ้านคุณไพโรจน์ (ซอย 1),household,บ้าน,WP,เวิลด์แก๊ส,15,N,1,1,0,1300,1300,0,2026-09-11,19,0,0,0,0,,0
C045,บ้านคุณพรทิพย์ (ซอย 5),household,บ้าน,PTT,ปตท.,4,N,1,1,0,700,700,0,2026-09-23,7,0,0,0,0,,0
C046,บ้านคุณกาญจนา (ซอย 1),household,บ้าน,WP,เวิลด์แก๊ส,15,N,2,1,1,1300,2600,1300,2026-09-10,20,0,0,0,0,,0
C047,บ้านคุณบุญมี (ซอย 7),household,บ้าน,SGP,สยามแก๊ส,15,N,1,1,0,1300,1300,0,2026-09-16,14,0,0,0,0,,0
C048,บ้านคุณพรทิพย์ (หมู่บ้านร่มเย็น),household,บ้าน,UNQ,ยูนิคแก๊ส,15,N,2,1,1,1300,2600,1300,2026-09-13,17,0,0,0,0,,0
C049,บ้านคุณวิชัย (หมู่บ้านร่มเย็น),household,บ้าน,PTT,ปตท.,15,N,1,1,0,1300,1300,0,2026-08-29,32,0,0,0,0,,0
C050,บ้านคุณไพโรจน์ (ซอย 7),household,บ้าน,SGP,สยามแก๊ส,15,N,1,1,0,1300,1300,0,2026-09-14,16,0,0,0,0,,0
C051,บ้านคุณชัยวัฒน์ (ซอย 7),household,บ้าน,UNQ,ยูนิคแก๊ส,15,N,1,1,0,1300,1300,0,2026-09-01,29,0,0,0,0,,0
C052,บ้านคุณเกษม (ชุมชนริมคลอง),household,บ้าน,WP,เวิลด์แก๊ส,15,N,1,1,0,1300,1300,0,2026-08-31,30,0,0,0,0,,0
C053,บ้านคุณสุรชัย (ซอย 1),household,บ้าน,PTT,ปตท.,15,N,1,1,0,1300,1300,0,2026-08-21,40,0,0,0,0,,0
C054,บ้านคุณอำนวย (ตลาดนัดเย็น),household,บ้าน,UNQ,ยูนิคแก๊ส,4,N,1,1,0,700,700,0,2026-08-27,34,0,0,0,0,,0
C055,บ้านคุณบุญมี (หมู่บ้านร่มเย็น),household,บ้าน,PTT,ปตท.,15,N,1,1,0,1300,1300,0,2026-09-22,8,0,0,0,0,,0
C056,บ้านคุณสายใจ (ซอย 5),household,บ้าน,WP,เวิลด์แก๊ส,15,N,1,1,0,1300,1300,0,2026-09-08,22,0,0,0,0,,0
C057,บ้านคุณทองดี (ตลาดนัดเย็น),household,บ้าน,SGP,สยามแก๊ส,15,N,1,1,0,1300,1300,0,2026-06-08,114,1,1,1300,0,,0
C058,บ้านคุณบุญมี (ซอย 5),household,บ้าน,WP,เวิลด์แก๊ส,15,N,1,1,0,1300,1300,0,2026-09-04,26,0,0,0,0,,0
C059,บ้านคุณธวัชชัย (หมู่บ้านร่มเย็น),household,บ้าน,WP,เวิลด์แก๊ส,4,N,1,1,0,700,700,0,2026-09-03,27,0,0,0,0,,0
C060,บ้านคุณสมศรี (ซอย 3),household,บ้าน,SGP,สยามแก๊ส,15,N,1,1,0,1300,1300,0,2026-09-12,18,0,0,0,0,,0
C061,บ้านคุณสายใจ (ซอย 7),household,บ้าน,WP,เวิลด์แก๊ส,15,N,1,1,0,1300,1300,0,2026-09-20,10,0,0,0,0,,0
C062,บ้านคุณลำดวน (ตลาดเช้า),household,บ้าน,WP,เวิลด์แก๊ส,15,N,1,1,0,1300,1300,0,2026-08-26,35,0,0,0,0,,0
C063,บ้านคุณณรงค์ (ตลาดเช้า),household,บ้าน,WP,เวิลด์แก๊ส,15,N,1,1,0,1300,1300,0,2026-08-21,40,0,0,0,0,,0
C064,บ้านคุณสายใจ (ตลาดเช้า),household,บ้าน,PTT,ปตท.,15,N,1,1,0,1300,1300,0,2026-09-28,2,0,0,0,0,,0
C065,บ้านคุณสุรชัย (ตลาดเช้า),household,บ้าน,SGP,สยามแก๊ส,15,N,1,1,0,1300,1300,0,2026-08-28,33,0,0,0,0,,0
C066,บ้านคุณอรุณ (ซอย 7),household,บ้าน,SGP,สยามแก๊ส,15,N,1,1,0,1300,1300,0,2026-09-26,4,0,0,0,0,,0
C067,บ้านคุณสุรชัย (ซอย 3),household,บ้าน,PTT,ปตท.,4,N,1,1,0,700,700,0,2026-09-03,27,0,0,0,0,,0
C068,บ้านคุณวันเพ็ญ (ตลาดเช้า),household,บ้าน,PTT,ปตท.,15,N,1,1,0,1300,1300,0,2026-09-21,9,0,0,0,0,,0
C069,บ้านคุณมาลี (ซอย 7),household,บ้าน,WP,เวิลด์แก๊ส,15,N,1,1,0,1300,1300,0,2026-09-18,12,0,0,0,0,,0
C070,บ้านคุณลำดวน (ซอย 3),household,บ้าน,WP,เวิลด์แก๊ส,15,N,1,1,0,1300,1300,0,2026-06-29,93,1,1,1300,0,,0
C071,บ้านคุณมาลี (หมู่บ้านสุขใจ),household,บ้าน,UNQ,ยูนิคแก๊ส,15,N,1,1,0,1300,1300,0,2026-09-21,9,0,0,0,0,,0
C072,บ้านคุณณรงค์ (ชุมชนริมคลอง),household,บ้าน,WP,เวิลด์แก๊ส,15,N,1,1,0,1300,1300,0,2026-09-30,0,0,0,0,0,,0
C073,บ้านคุณณรงค์ (ซอย 3),household,บ้าน,PTT,ปตท.,15,N,1,1,0,1300,1300,0,2026-08-27,34,0,0,0,0,,0
C074,บ้านคุณลำดวน (ซอย 1),household,บ้าน,PTT,ปตท.,15,N,1,1,0,1300,1300,0,2026-09-29,1,0,0,0,0,,0
C075,บ้านคุณวิชัย (ซอย 1),household,บ้าน,WP,เวิลด์แก๊ส,15,N,1,1,0,1300,1300,0,2026-07-09,83,1,1,1300,0,,0
C076,บ้านคุณจันทร์เพ็ญ (ตลาดนัดเย็น),household,บ้าน,WP,เวิลด์แก๊ส,15,N,1,1,0,1300,1300,0,2026-08-05,56,0,0,0,0,,0
C077,บ้านคุณประยูร (ซอย 5),household,บ้าน,UNQ,ยูนิคแก๊ส,15,N,1,1,0,1300,1300,0,2026-09-08,22,0,0,0,0,,0
C078,บ้านคุณสุรชัย (ตลาดนัดเย็น),household,บ้าน,UNQ,ยูนิคแก๊ส,4,N,1,1,0,700,700,0,2026-08-28,33,0,0,0,0,,0
C079,บ้านคุณสุนีย์ (ซอย 7),household,บ้าน,UNQ,ยูนิคแก๊ส,15,N,2,1,1,1300,2600,1300,2026-09-20,10,0,0,0,0,,0
C080,บ้านคุณเกษม (ซอย 3),household,บ้าน,WP,เวิลด์แก๊ส,15,N,1,1,0,1300,1300,0,2026-09-05,25,0,0,0,0,,0
C081,บ้านคุณสุนีย์ (ซอย 1),household,บ้าน,UNQ,ยูนิคแก๊ส,15,N,1,1,0,1300,1300,0,2026-04-25,158,1,1,1300,0,,0
C082,บ้านคุณกาญจนา (หมู่บ้านสุขใจ),household,บ้าน,UNQ,ยูนิคแก๊ส,15,N,1,1,0,1300,1300,0,2026-08-03,58,0,0,0,0,,0
C083,บ้านคุณจันทร์เพ็ญ (ซอย 7),household,บ้าน,UNQ,ยูนิคแก๊ส,15,N,1,1,0,1300,1300,0,2026-09-03,27,0,0,0,0,,0
C084,บ้านคุณบุญมี (ตลาดนัดเย็น),household,บ้าน,PTT,ปตท.,4,N,1,1,0,700,700,0,2026-09-28,2,0,0,0,0,,0
C085,บ้านคุณสมชาย (ซอย 3),household,บ้าน,WP,เวิลด์แก๊ส,15,N,1,1,0,1300,1300,0,2026-09-03,27,0,0,0,0,,0
C086,บ้านคุณปราณี (ตลาดนัดเย็น),household,บ้าน,PTT,ปตท.,15,N,1,1,0,1300,1300,0,2026-05-08,145,1,1,1300,0,,0
C087,บ้านคุณจันทร์เพ็ญ (ซอย 5),household,บ้าน,WP,เวิลด์แก๊ส,15,N,1,1,0,1300,1300,0,2026-09-06,24,0,0,0,0,,0
C088,บ้านคุณมาลี (ซอย 1),household,บ้าน,PTT,ปตท.,15,N,0,-1,1,1300,0,1300,2026-06-11,111,0,0,0,0,,0
C089,บ้านคุณเกษม (หมู่บ้านร่มเย็น),household,บ้าน,UNQ,ยูนิคแก๊ส,15,N,1,1,0,1300,1300,0,2026-09-21,9,0,0,0,0,,0
C090,บ้านคุณสมศรี (หมู่บ้านสุขใจ),household,บ้าน,WP,เวิลด์แก๊ส,15,N,1,1,0,1300,1300,0,2026-04-14,169,1,1,1300,0,,0
C091,บ้านคุณทองดี (ซอย 3),household,บ้าน,PTT,ปตท.,15,N,1,1,0,1300,1300,0,2026-09-30,0,0,0,0,0,,0
C092,บ้านคุณชัยวัฒน์ (ชุมชนริมคลอง),household,บ้าน,WP,เวิลด์แก๊ส,15,N,1,1,0,1300,1300,0,2026-09-03,27,0,0,0,0,,0
C093,บ้านคุณอรุณ (ถนนใหญ่),household,บ้าน,UNQ,ยูนิคแก๊ส,15,N,1,1,0,1300,1300,0,2026-09-24,6,0,0,0,0,,0
C094,บ้านคุณวันเพ็ญ (ถนนใหญ่),household,บ้าน,SGP,สยามแก๊ส,15,N,1,1,0,1300,1300,0,2026-09-18,12,0,0,0,0,,0
C095,บ้านคุณประยูร (หมู่บ้านร่มเย็น),household,บ้าน,WP,เวิลด์แก๊ส,15,N,1,1,0,1300,1300,0,2026-08-20,41,0,0,0,0,,0
C096,บ้านคุณปราณี (ซอย 3),household,บ้าน,WP,เวิลด์แก๊ส,15,N,1,1,0,1300,1300,0,2026-09-06,24,0,0,0,0,,0
C097,บ้านคุณสมชาย (ซอย 7),household,บ้าน,WP,เวิลด์แก๊ส,15,N,1,1,0,1300,1300,0,2026-09-10,20,0,0,0,0,,0
C098,บ้านคุณสมพร (ถนนใหญ่),household,บ้าน,WP,เวิลด์แก๊ส,15,N,1,1,0,1300,1300,0,2026-09-15,15,0,0,0,0,,0
C099,บ้านคุณพรทิพย์ (ตลาดเช้า),household,บ้าน,WP,เวิลด์แก๊ส,15,N,1,1,0,1300,1300,0,2026-09-10,20,0,0,0,0,,0
C100,บ้านคุณบุญมี (ซอย 1),household,บ้าน,PTT,ปตท.,15,N,1,1,0,1300,1300,0,2026-09-28,2,0,0,0,0,,0
C101,บ้านคุณทองดี (ซอย 5),household,บ้าน,WP,เวิลด์แก๊ส,15,N,1,1,0,1300,1300,0,2026-09-30,0,0,0,0,0,,0
C102,บ้านคุณกาญจนา (ตลาดเช้า),household,บ้าน,PTT,ปตท.,4,N,1,1,0,700,700,0,2026-09-28,2,0,0,0,0,,0
C103,บ้านคุณสุนีย์ (หมู่บ้านสุขใจ),household,บ้าน,PTT,ปตท.,15,N,1,1,0,1300,1300,0,2026-09-01,29,0,0,0,0,,0
C104,บ้านคุณกาญจนา (ชุมชนริมคลอง),household,บ้าน,UNQ,ยูนิคแก๊ส,15,N,1,1,0,1300,1300,0,2026-08-31,30,0,0,0,0,,0
C105,บ้านคุณสุรชัย (หมู่บ้านสุขใจ),household,บ้าน,WP,เวิลด์แก๊ส,15,N,2,1,1,1300,2600,1300,2026-09-18,12,0,0,0,0,,0
C106,บ้านคุณมาลี (ตลาดนัดเย็น),household,บ้าน,PTT,ปตท.,4,N,1,1,0,700,700,0,2026-09-30,0,0,0,0,0,,0
C107,บ้านคุณเกษม (ซอย 7),household,บ้าน,UNQ,ยูนิคแก๊ส,15,N,1,1,0,1300,1300,0,2026-09-12,18,0,0,0,0,,0
C108,บ้านคุณสมศรี (หมู่บ้านร่มเย็น),household,บ้าน,WP,เวิลด์แก๊ส,15,N,1,1,0,1300,1300,0,2026-09-22,8,0,0,0,0,,0
C109,บ้านคุณสุนีย์ (ซอย 3),household,บ้าน,WP,เวิลด์แก๊ส,15,N,1,1,0,1300,1300,0,2026-09-24,6,0,0,0,0,,0
C110,บ้านคุณปราณี (ชุมชนริมคลอง),household,บ้าน,UNQ,ยูนิคแก๊ส,15,N,1,1,0,1300,1300,0,2026-09-19,11,0,0,0,0,,0
C111,บ้านคุณณรงค์ (หมู่บ้านร่มเย็น),household,บ้าน,WP,เวิลด์แก๊ส,15,N,1,1,0,1300,1300,0,2026-09-24,6,0,0,0,0,,0
C112,บ้านคุณสมชาย (ตลาดนัดเย็น),household,บ้าน,WP,เวิลด์แก๊ส,15,N,1,1,0,1300,1300,0,2026-09-07,23,0,0,0,0,,0
C113,บ้านคุณรัตนา (ตลาดนัดเย็น),household,บ้าน,WP,เวิลด์แก๊ส,15,N,2,1,1,1300,2600,1300,2026-09-08,22,0,0,0,0,,0
C114,บ้านคุณอรุณ (ซอย 1),household,บ้าน,UNQ,ยูนิคแก๊ส,15,N,1,1,0,1300,1300,0,2026-05-22,131,1,1,1300,0,,0
C115,บ้านคุณสุนีย์ (ชุมชนริมคลอง),household,บ้าน,PTT,ปตท.,15,N,1,1,0,1300,1300,0,2026-09-14,16,0,0,0,0,,0
C116,บ้านคุณสมพร (ตลาดนัดเย็น),household,บ้าน,SGP,สยามแก๊ส,15,N,1,1,0,1300,1300,0,2026-09-15,15,0,0,0,0,,0
C117,บ้านคุณไพโรจน์ (ชุมชนริมคลอง),household,บ้าน,PTT,ปตท.,4,N,1,1,0,700,700,0,2026-08-26,35,0,0,0,0,,0
C118,บ้านคุณณรงค์ (ซอย 5),household,บ้าน,UNQ,ยูนิคแก๊ส,4,N,1,1,0,700,700,0,2026-09-20,10,0,0,0,0,,0
C119,บ้านคุณอรุณ (หมู่บ้านสุขใจ),household,บ้าน,WP,เวิลด์แก๊ส,4,N,1,1,0,700,700,0,2026-09-23,7,0,0,0,0,,0
C120,บ้านคุณสายใจ (ถนนใหญ่),household,บ้าน,WP,เวิลด์แก๊ส,15,N,1,1,0,1300,1300,0,2026-05-16,137,1,1,1300,0,,0
C121,บ้านคุณอรุณ (ชุมชนริมคลอง),household,บ้าน,WP,เวิลด์แก๊ส,15,N,1,1,0,1300,1300,0,2026-09-16,14,0,0,0,0,,0
C122,บ้านคุณสุรชัย (ชุมชนริมคลอง),household,บ้าน,UNQ,ยูนิคแก๊ส,15,N,1,1,0,1300,1300,0,2026-09-26,4,0,0,0,0,,0
C123,บ้านคุณสมศรี (ตลาดเช้า),household,บ้าน,WP,เวิลด์แก๊ส,15,N,1,1,0,1300,1300,0,2026-09-11,19,0,0,0,0,,0
C124,บ้านคุณนงลักษณ์ (ถนนใหญ่),household,บ้าน,WP,เวิลด์แก๊ส,15,N,1,1,0,1300,1300,0,2026-09-30,0,0,0,0,0,,0
C125,บ้านคุณสมพร (ซอย 3),household,บ้าน,WP,เวิลด์แก๊ส,15,N,1,1,0,1300,1300,0,2026-08-22,39,0,0,0,0,,0
C126,บ้านคุณบุญมี (ถนนใหญ่),household,บ้าน,SGP,สยามแก๊ส,15,N,1,1,0,1300,1300,0,2026-09-01,29,0,0,0,0,,0
C127,บ้านคุณณรงค์ (ถนนใหญ่),household,บ้าน,SGP,สยามแก๊ส,15,N,1,1,0,1300,1300,0,2026-09-08,22,0,0,0,0,,0
C128,บ้านคุณประยูร (ซอย 7),household,บ้าน,WP,เวิลด์แก๊ส,15,N,1,1,0,1300,1300,0,2026-08-21,40,0,0,0,0,,0
C129,บ้านคุณเกษม (ซอย 1),household,บ้าน,WP,เวิลด์แก๊ส,15,N,1,1,0,1300,1300,0,2026-09-23,7,0,0,0,0,,0
C130,บ้านคุณสมชาย (ถนนใหญ่),household,บ้าน,WP,เวิลด์แก๊ส,15,N,1,1,0,1300,1300,0,2026-05-27,126,1,1,1300,0,,0
C131,บ้านคุณอำนวย (ซอย 5),household,บ้าน,SGP,สยามแก๊ส,15,N,1,1,0,1300,1300,0,2026-09-17,13,0,0,0,0,,0
C132,บ้านคุณไพโรจน์ (ตลาดเช้า),household,บ้าน,WP,เวิลด์แก๊ส,15,N,1,1,0,1300,1300,0,2026-09-14,16,0,0,0,0,,0
C133,บ้านคุณอำนวย (ชุมชนริมคลอง),household,บ้าน,WP,เวิลด์แก๊ส,15,N,1,1,0,1300,1300,0,2026-09-20,10,0,0,0,0,,0
C134,บ้านคุณธวัชชัย (ชุมชนริมคลอง),household,บ้าน,PTT,ปตท.,15,N,1,1,0,1300,1300,0,2026-09-26,4,0,0,0,0,,0
C135,บ้านคุณธวัชชัย (หมู่บ้านสุขใจ),household,บ้าน,PTT,ปตท.,15,N,1,1,0,1300,1300,0,2026-09-09,21,0,0,0,0,,0
C136,บ้านคุณรัตนา (ชุมชนริมคลอง),household,บ้าน,PTT,ปตท.,15,N,1,1,0,1300,1300,0,2026-09-09,21,0,0,0,0,,0
C137,บ้านคุณรัตนา (ถนนใหญ่),household,บ้าน,PTT,ปตท.,15,N,1,1,0,1300,1300,0,2026-09-08,22,0,0,0,0,,0
C138,บ้านคุณสมพร (หมู่บ้านร่มเย็น),household,บ้าน,WP,เวิลด์แก๊ส,15,N,1,1,0,1300,1300,0,2026-09-28,2,0,0,0,0,,0
C139,บ้านคุณลำดวน (ซอย 7),household,บ้าน,WP,เวิลด์แก๊ส,15,N,1,1,0,1300,1300,0,2026-08-26,35,0,0,0,0,,0
C140,บ้านคุณบุญมี (ซอย 3),household,บ้าน,PTT,ปตท.,15,N,1,1,0,1300,1300,0,2026-09-22,8,0,0,0,0,,0
C141,บ้านคุณนงลักษณ์ (ชุมชนริมคลอง),household,บ้าน,SGP,สยามแก๊ส,15,N,1,1,0,1300,1300,0,2026-09-14,16,0,0,0,0,,0
C142,บ้านคุณวันเพ็ญ (หมู่บ้านร่มเย็น),household,บ้าน,PTT,ปตท.,15,N,1,1,0,1300,1300,0,2026-09-15,15,0,0,0,0,,0
C143,บ้านคุณธวัชชัย (ซอย 5),household,บ้าน,UNQ,ยูนิคแก๊ส,15,N,1,1,0,1300,1300,0,2026-09-25,5,0,0,0,0,,0
C144,บ้านคุณมาลี (ซอย 3),household,บ้าน,WP,เวิลด์แก๊ส,15,N,1,1,0,1300,1300,0,2026-08-26,35,0,0,0,0,,0
C145,บ้านคุณเกษม (ถนนใหญ่),household,บ้าน,PTT,ปตท.,15,N,1,1,0,1300,1300,0,2026-09-29,1,0,0,0,0,,0
C146,บ้านคุณสมชาย (ตลาดเช้า),household,บ้าน,WP,เวิลด์แก๊ส,4,N,1,1,0,700,700,0,2026-04-19,164,1,1,700,0,,0
C147,บ้านคุณพรทิพย์ (ซอย 7),household,บ้าน,WP,เวิลด์แก๊ส,15,N,1,1,0,1300,1300,0,2026-08-24,37,0,0,0,0,,0
C148,บ้านคุณชัยวัฒน์ (หมู่บ้านสุขใจ),household,บ้าน,PTT,ปตท.,4,N,1,1,0,700,700,0,2026-09-07,23,0,0,0,0,,0
C149,บ้านคุณณรงค์ (ซอย 1),household,บ้าน,UNQ,ยูนิคแก๊ส,15,N,1,1,0,1300,1300,0,2026-09-30,0,0,0,0,0,,0
C150,บ้านคุณสายใจ (ชุมชนริมคลอง),household,บ้าน,UNQ,ยูนิคแก๊ส,15,N,1,1,0,1300,1300,0,2026-09-08,22,0,0,0,0,,0
C151,ร้านหมูกระทะน้าบุญมี (หมู่บ้านร่มเย็น),restaurant,ร้านอาหาร,UNQ,ยูนิคแก๊ส,48,N,4,4,0,3800,15200,0,2026-09-28,2,0,0,0,0,,0
C152,ร้านหมูกระทะลุงสมชาย (ชุมชนริมคลอง),restaurant,ร้านอาหาร,UNQ,ยูนิคแก๊ส,15,Y,7,7,0,1300,9100,0,2026-09-28,2,0,0,0,6345,21,0
C153,ร้านข้าวแกงเจ๊จันทร์เพ็ญ (ซอย 7),restaurant,ร้านอาหาร,WP,เวิลด์แก๊ส,48,Y,8,8,0,3800,30400,0,2026-09-28,2,0,0,0,53130,57,0
C154,ร้านโจ๊กเจ๊พรทิพย์ (ถนนใหญ่),restaurant,ร้านอาหาร,UNQ,ยูนิคแก๊ส,48,N,5,5,0,3800,19000,0,2026-09-28,2,0,0,0,0,,0
C155,ร้านก๋วยเตี๋ยวพี่สมชาย (หมู่บ้านร่มเย็น),restaurant,ร้านอาหาร,SGP,สยามแก๊ส,48,N,5,5,0,3800,19000,0,2026-09-30,0,0,0,0,0,,0
C156,ร้านตามสั่งน้าสายใจ (ถนนใหญ่),restaurant,ร้านอาหาร,WP,เวิลด์แก๊ส,15,Y,4,3,1,1300,5200,1300,2026-09-29,1,0,0,0,0,,0
C157,ร้านสุกี้น้าเกษม (ซอย 1),restaurant,ร้านอาหาร,WP,เวิลด์แก๊ส,15,N,6,6,0,1300,7800,0,2026-09-28,2,0,0,0,0,,0
C158,ร้านติ่มซำลุงนงลักษณ์ (หมู่บ้านร่มเย็น),restaurant,ร้านอาหาร,WP,เวิลด์แก๊ส,48,Y,6,6,0,3800,22800,0,2026-09-26,4,0,0,0,13500,16,0
C159,ร้านสุกี้พี่นงลักษณ์ (ซอย 1),restaurant,ร้านอาหาร,WP,เวิลด์แก๊ส,15,N,6,6,0,1300,7800,0,2026-09-30,0,0,0,0,0,,0
C160,ร้านติ่มซำลุงไพโรจน์ (หมู่บ้านสุขใจ),restaurant,ร้านอาหาร,WP,เวิลด์แก๊ส,48,N,5,5,0,3800,19000,0,2026-09-25,5,0,0,0,0,,0
C161,ร้านติ่มซำป้าสายใจ (ซอย 3),restaurant,ร้านอาหาร,PTT,ปตท.,15,N,2,2,0,1300,2600,0,2026-09-30,0,0,0,0,0,,0
C162,ร้านข้าวขาหมูพี่สมชาย (ซอย 7),restaurant,ร้านอาหาร,PTT,ปตท.,15,N,5,5,0,1300,6500,0,2026-09-29,1,0,0,0,0,,0
C163,ร้านโจ๊กน้าสมศรี (ถนนใหญ่),restaurant,ร้านอาหาร,UNQ,ยูนิคแก๊ส,15,N,7,7,0,1300,9100,0,2026-09-29,1,0,0,0,0,,0
C164,ร้านส้มตำไก่ย่างพี่สายใจ (ตลาดเช้า),restaurant,ร้านอาหาร,PTT,ปตท.,15,Y,5,5,0,1300,6500,0,2026-09-28,2,0,0,0,6345,23,0
C165,ร้านผัดไทยลุงสมพร (ตลาดนัดเย็น),restaurant,ร้านอาหาร,WP,เวิลด์แก๊ส,48,Y,5,5,0,3800,19000,0,2026-09-26,4,0,0,0,13500,18,0
C166,ร้านราดหน้าลุงอำนวย (ตลาดนัดเย็น),restaurant,ร้านอาหาร,PTT,ปตท.,15,Y,5,5,0,1300,6500,0,2026-09-24,6,0,0,0,4653,16,0
C167,ร้านสุกี้พี่พรทิพย์ (ชุมชนริมคลอง),restaurant,ร้านอาหาร,UNQ,ยูนิคแก๊ส,15,N,7,7,0,1300,9100,0,2026-09-25,5,0,0,0,0,,0
C168,ร้านข้าวขาหมูเจ๊ไพโรจน์ (ตลาดนัดเย็น),restaurant,ร้านอาหาร,WP,เวิลด์แก๊ส,48,Y,7,7,0,3800,26600,0,2026-09-30,0,0,0,0,20250,16,0
C169,ร้านตามสั่งพี่สายใจ (ซอย 3),restaurant,ร้านอาหาร,WP,เวิลด์แก๊ส,15,Y,0,0,0,1300,0,0,2026-07-14,78,0,0,0,3807,117,1
C170,ร้านก๋วยเตี๋ยวป้าสายใจ (หมู่บ้านสุขใจ),restaurant,ร้านอาหาร,UNQ,ยูนิคแก๊ส,15,N,6,6,0,1300,7800,0,2026-09-25,5,0,0,0,0,,0
C171,ร้านราดหน้าพี่ลำดวน (ตลาดเช้า),restaurant,ร้านอาหาร,SGP,สยามแก๊ส,48,N,6,6,0,3800,22800,0,2026-09-25,5,0,0,0,0,,0
C172,ร้านข้าวมันไก่เจ๊ณรงค์ (ซอย 5),restaurant,ร้านอาหาร,WP,เวิลด์แก๊ส,15,N,3,3,0,1300,3900,0,2026-09-30,0,0,0,0,0,,0
C173,ร้านข้าวขาหมูเจ๊พรทิพย์ (หมู่บ้านสุขใจ),restaurant,ร้านอาหาร,WP,เวิลด์แก๊ส,48,N,5,5,0,3800,19000,0,2026-09-23,7,0,0,0,0,,0
C174,ร้านหมูกระทะเจ๊สมศรี (ซอย 7),restaurant,ร้านอาหาร,SGP,สยามแก๊ส,48,Y,5,5,0,3800,19000,0,2026-09-28,2,0,0,0,42128,66,1
C175,ร้านติ่มซำน้าสมศรี (ตลาดนัดเย็น),restaurant,ร้านอาหาร,SGP,สยามแก๊ส,15,N,4,4,0,1300,5200,0,2026-09-26,4,0,0,0,0,,0
C176,ร้านข้าวขาหมูป้ามาลี (ซอย 7),restaurant,ร้านอาหาร,PTT,ปตท.,15,N,8,8,0,1300,10400,0,2026-09-28,2,0,0,0,0,,0
C177,ร้านผัดไทยป้าอรุณ (ตลาดเช้า),restaurant,ร้านอาหาร,UNQ,ยูนิคแก๊ส,48,Y,6,6,0,3800,22800,0,2026-09-28,2,0,0,0,16200,19,0
C178,ร้านหมูกระทะน้าสมชาย (ถนนใหญ่),restaurant,ร้านอาหาร,WP,เวิลด์แก๊ส,15,Y,6,5,1,1300,7800,1300,2026-09-26,4,0,0,0,3384,18,0
C179,ร้านตามสั่งป้าจันทร์เพ็ญ (หมู่บ้านสุขใจ),restaurant,ร้านอาหาร,WP,เวิลด์แก๊ส,15,N,3,3,0,1300,3900,0,2026-09-28,2,0,0,0,0,,0
C180,ร้านข้าวแกงลุงวิชัย (ซอย 3),restaurant,ร้านอาหาร,PTT,ปตท.,15,N,6,6,0,1300,7800,0,2026-09-25,5,0,0,0,0,,0
C181,ร้านส้มตำไก่ย่างเจ๊ทองดี (ซอย 3),restaurant,ร้านอาหาร,WP,เวิลด์แก๊ส,15,Y,5,5,0,1300,6500,0,2026-09-26,4,0,0,0,1692,11,0
C182,ร้านข้าวแกงน้าสายใจ (ชุมชนริมคลอง),restaurant,ร้านอาหาร,WP,เวิลด์แก๊ส,15,N,3,3,0,1300,3900,0,2026-09-26,4,0,0,0,0,,0
C183,ร้านสุกี้น้าบุญมี (หมู่บ้านสุขใจ),restaurant,ร้านอาหาร,UNQ,ยูนิคแก๊ส,15,Y,7,7,0,1300,9100,0,2026-09-29,1,0,0,0,2115,1,0
C184,ร้านข้าวแกงป้าสมชาย (ซอย 3),restaurant,ร้านอาหาร,PTT,ปตท.,48,N,6,6,0,3800,22800,0,2026-09-30,0,0,0,0,0,,0
C185,ร้านข้าวขาหมูน้าเกษม (ตลาดนัดเย็น),restaurant,ร้านอาหาร,WP,เวิลด์แก๊ส,15,Y,2,2,0,1300,2600,0,2026-09-28,2,0,0,0,6803,72,1
C186,ร้านโจ๊กป้ามาลี (ถนนใหญ่),restaurant,ร้านอาหาร,UNQ,ยูนิคแก๊ส,15,Y,4,4,0,1300,5200,0,2026-09-30,0,0,0,0,4653,23,0
C187,ร้านหมูกระทะพี่นงลักษณ์ (หมู่บ้านสุขใจ),restaurant,ร้านอาหาร,WP,เวิลด์แก๊ส,48,N,2,2,0,3800,7600,0,2026-09-26,4,0,0,0,0,,0
C188,ร้านหมูกระทะน้าบุญมี (ถนนใหญ่),restaurant,ร้านอาหาร,SGP,สยามแก๊ส,15,Y,3,3,0,1300,3900,0,2026-07-15,77,1,3,3900,1692,83,1
C189,ร้านผัดไทยป้าอำนวย (หมู่บ้านสุขใจ),restaurant,ร้านอาหาร,WP,เวิลด์แก๊ส,48,N,4,4,0,3800,15200,0,2026-09-30,0,0,0,0,0,,0
C190,ร้านราดหน้าลุงพรทิพย์ (ซอย 7),restaurant,ร้านอาหาร,SGP,สยามแก๊ส,15,Y,5,5,0,1300,6500,0,2026-09-29,1,0,0,0,6188,30,0
C191,ร้านข้าวขาหมูพี่สายใจ (หมู่บ้านร่มเย็น),restaurant,ร้านอาหาร,PTT,ปตท.,15,Y,6,6,0,1300,7800,0,2026-09-29,1,0,0,0,7614,20,0
C192,ร้านข้าวแกงเจ๊กาญจนา (ซอย 1),restaurant,ร้านอาหาร,PTT,ปตท.,15,N,3,3,0,1300,3900,0,2026-09-28,2,0,0,0,0,,0
C193,ร้านส้มตำไก่ย่างเจ๊ทองดี (ชุมชนริมคลอง),restaurant,ร้านอาหาร,PTT,ปตท.,48,Y,3,3,0,3800,11400,0,2026-09-29,1,0,0,0,4050,8,0
C194,ร้านราดหน้าป้าประยูร (ซอย 7),restaurant,ร้านอาหาร,PTT,ปตท.,15,Y,5,5,0,1300,6500,0,2026-09-28,2,0,0,0,9973,58,0
C195,ร้านผัดไทยป้าลำดวน (ถนนใหญ่),restaurant,ร้านอาหาร,PTT,ปตท.,15,N,6,6,0,1300,7800,0,2026-09-28,2,0,0,0,0,,0
C196,รถเข็นหมูปิ้งพี่สุนีย์ (ซอย 1),vendor,รถเข็น/แผงลอย,WP,เวิลด์แก๊ส,15,N,2,2,0,1300,2600,0,2026-09-22,8,0,0,0,0,,0
C197,รถเข็นปาท่องโก๋ป้าพรทิพย์ (ถนนใหญ่),vendor,รถเข็น/แผงลอย,WP,เวิลด์แก๊ส,15,N,2,2,0,1300,2600,0,2026-09-29,1,0,0,0,0,,0
C198,รถเข็นกล้วยทอดเจ๊กาญจนา (หมู่บ้านร่มเย็น),vendor,รถเข็น/แผงลอย,SGP,สยามแก๊ส,4,N,1,1,0,700,700,0,2026-09-27,3,0,0,0,0,,0
C199,รถเข็นปาท่องโก๋ลุงชัยวัฒน์ (หมู่บ้านสุขใจ),vendor,รถเข็น/แผงลอย,UNQ,ยูนิคแก๊ส,15,N,2,2,0,1300,2600,0,2026-09-29,1,0,0,0,0,,0
C200,รถเข็นไก่ทอดลุงปราณี (หมู่บ้านร่มเย็น),vendor,รถเข็น/แผงลอย,WP,เวิลด์แก๊ส,15,N,2,2,0,1300,2600,0,2026-09-28,2,0,0,0,0,,0
C201,รถเข็นไข่นกกระทาพี่ชัยวัฒน์ (ซอย 1),vendor,รถเข็น/แผงลอย,WP,เวิลด์แก๊ส,4,N,2,2,0,700,1400,0,2026-09-30,0,0,0,0,0,,0
C202,รถเข็นขนมครกลุงปราณี (ซอย 5),vendor,รถเข็น/แผงลอย,WP,เวิลด์แก๊ส,4,Y,1,1,0,700,700,0,2026-09-24,6,0,0,0,0,,0
C203,รถเข็นลูกชิ้นทอดลุงทองดี (ถนนใหญ่),vendor,รถเข็น/แผงลอย,PTT,ปตท.,4,N,1,1,0,700,700,0,2026-09-27,3,0,0,0,0,,0
C204,รถเข็นหมูปิ้งน้าธวัชชัย (หมู่บ้านสุขใจ),vendor,รถเข็น/แผงลอย,WP,เวิลด์แก๊ส,15,Y,1,1,0,1300,1300,0,2026-09-25,5,0,0,0,423,5,0
C205,รถเข็นลูกชิ้นทอดเจ๊ณรงค์ (ตลาดนัดเย็น),vendor,รถเข็น/แผงลอย,WP,เวิลด์แก๊ส,15,N,1,1,0,1300,1300,0,2026-09-24,6,0,0,0,0,,0
C206,รถเข็นขนมครกเจ๊สมศรี (หมู่บ้านร่มเย็น),vendor,รถเข็น/แผงลอย,PTT,ปตท.,15,N,2,2,0,1300,2600,0,2026-09-28,2,0,0,0,0,,0
C207,รถเข็นไก่ทอดพี่วิชัย (ซอย 7),vendor,รถเข็น/แผงลอย,PTT,ปตท.,15,N,2,1,1,1300,2600,1300,2026-09-22,8,0,0,0,0,,0
C208,รถเข็นลูกชิ้นทอดป้ามาลี (หมู่บ้านร่มเย็น),vendor,รถเข็น/แผงลอย,WP,เวิลด์แก๊ส,15,N,2,2,0,1300,2600,0,2026-09-25,5,0,0,0,0,,0
C209,รถเข็นปาท่องโก๋ลุงสุนีย์ (ตลาดนัดเย็น),vendor,รถเข็น/แผงลอย,WP,เวิลด์แก๊ส,4,N,2,2,0,700,1400,0,2026-09-28,2,0,0,0,0,,0
C210,รถเข็นไข่นกกระทาเจ๊อำนวย (หมู่บ้านร่มเย็น),vendor,รถเข็น/แผงลอย,PTT,ปตท.,4,N,1,1,0,700,700,0,2026-09-27,3,0,0,0,0,,0
C211,รถเข็นไข่นกกระทาพี่สมพร (ตลาดนัดเย็น),vendor,รถเข็น/แผงลอย,WP,เวิลด์แก๊ส,4,N,2,2,0,700,1400,0,2026-09-24,6,0,0,0,0,,0
C212,รถเข็นไก่ทอดป้ากาญจนา (ซอย 1),vendor,รถเข็น/แผงลอย,SGP,สยามแก๊ส,15,N,2,2,0,1300,2600,0,2026-09-25,5,0,0,0,0,,0
C213,รถเข็นลูกชิ้นทอดพี่สายใจ (ชุมชนริมคลอง),vendor,รถเข็น/แผงลอย,WP,เวิลด์แก๊ส,4,N,1,1,0,700,700,0,2026-09-28,2,0,0,0,0,,0
C214,รถเข็นโรตีเจ๊กาญจนา (ตลาดนัดเย็น),vendor,รถเข็น/แผงลอย,SGP,สยามแก๊ส,15,N,2,2,0,1300,2600,0,2026-09-24,6,0,0,0,0,,0
C215,รถเข็นกล้วยทอดลุงณรงค์ (ซอย 3),vendor,รถเข็น/แผงลอย,UNQ,ยูนิคแก๊ส,4,N,3,2,1,700,2100,700,2026-09-23,7,0,0,0,0,,0
C216,รถเข็นขนมครกพี่ธวัชชัย (หมู่บ้านสุขใจ),vendor,รถเข็น/แผงลอย,WP,เวิลด์แก๊ส,15,N,2,2,0,1300,2600,0,2026-09-26,4,0,0,0,0,,0
C217,รถเข็นไข่นกกระทาพี่ประยูร (ชุมชนริมคลอง),vendor,รถเข็น/แผงลอย,SGP,สยามแก๊ส,4,N,1,1,0,700,700,0,2026-09-29,1,0,0,0,0,,0
C218,รถเข็นปาท่องโก๋น้าธวัชชัย (ซอย 7),vendor,รถเข็น/แผงลอย,WP,เวิลด์แก๊ส,15,N,2,2,0,1300,2600,0,2026-09-28,2,0,0,0,0,,0
C219,รถเข็นหมูปิ้งพี่ลำดวน (ซอย 7),vendor,รถเข็น/แผงลอย,PTT,ปตท.,4,N,1,1,0,700,700,0,2026-09-26,4,0,0,0,0,,0
C220,รถเข็นหมูปิ้งน้าจันทร์เพ็ญ (ซอย 7),vendor,รถเข็น/แผงลอย,PTT,ปตท.,15,N,1,1,0,1300,1300,0,2026-09-29,1,0,0,0,0,,0
