customer_id,brand,brand_th,age_bucket,bucket_order,amount
C164,PTT,ปตท.,0–30 วัน,1,6345
C204,WP,เวิลด์แก๊ส,0–30 วัน,1,423
C186,UNQ,ยูนิคแก๊ส,0–30 วัน,1,4653
C181,WP,เวิลด์แก๊ส,0–30 วัน,1,1692
C183,UNQ,ยูนิคแก๊ส,0–30 วัน,1,2115
C190,SGP,สยามแก๊ส,0–30 วัน,1,6188
C169,WP,เวิลด์แก๊ส,90+ วัน,4,3807
C178,WP,เวิลด์แก๊ส,0–30 วัน,1,3384
C185,WP,เวิลด์แก๊ส,61–90 วัน,3,881
C185,WP,เวิลด์แก๊ส,31–60 วัน,2,2538
C185,WP,เวิลด์แก๊ส,0–30 วัน,1,3384
C152,UNQ,ยูนิคแก๊ส,0–30 วัน,1,6345
C158,WP,เวิลด์แก๊ส,0–30 วัน,1,13500
C191,PTT,ปตท.,0–30 วัน,1,7614
C188,SGP,สยามแก๊ส,61–90 วัน,3,1692
C177,UNQ,ยูนิคแก๊ส,0–30 วัน,1,16200
C193,PTT,ปตท.,0–30 วัน,1,4050
C168,WP,เวิลด์แก๊ส,0–30 วัน,1,20250
C174,SGP,สยามแก๊ส,61–90 วัน,3,7028
C174,SGP,สยามแก๊ส,31–60 วัน,2,14850
C174,SGP,สยามแก๊ส,0–30 วัน,1,20250
C153,WP,เวิลด์แก๊ส,31–60 วัน,2,26130
C153,WP,เวิลด์แก๊ส,0–30 วัน,1,27000
C194,PTT,ปตท.,31–60 วัน,2,4474
C194,PTT,ปตท.,0–30 วัน,1,5499
C166,PTT,ปตท.,0–30 วัน,1,4653
C165,WP,เวิลด์แก๊ส,0–30 วัน,1,13500
