customer_id,name,segment,brand,size_kg,cylinders_at_start,first_seen,credit_customer
C001,บ้านคุณอำนวย (หมู่บ้านร่มเย็น),household,SGP,15,0,2026-04-07,N
C002,บ้านคุณชัยวัฒน์ (ซอย 5),household,SGP,15,1,ก่อน 2026-04-01,N
C003,บ้านคุณสมพร (ซอย 1),household,PTT,4,1,ก่อน 2026-04-01,N
C004,บ้านคุณธวัชชัย (ตลาดเช้า),household,SGP,15,0,2026-05-03,N
C005,บ้านคุณสมศรี (ซอย 7),household,WP,15,1,ก่อน 2026-04-01,N
C006,บ้านคุณไพโรจน์ (ซอย 5),household,PTT,15,1,ก่อน 2026-04-01,N
C007,บ้านคุณประยูร (ถนนใหญ่),household,SGP,15,1,ก่อน 2026-04-01,N
C008,บ้านคุณกาญจนา (ถนนใหญ่),household,WP,15,1,ก่อน 2026-04-01,N
C009,บ้านคุณธวัชชัย (ซอย 7),household,SGP,15,1,ก่อน 2026-04-01,N
C010,บ้านคุณสมชาย (หมู่บ้านสุขใจ),household,WP,15,1,ก่อน 2026-04-01,N
C011,บ้านคุณวันเพ็ญ (ซอย 3),household,WP,15,1,ก่อน 2026-04-01,N
C012,บ้านคุณปราณี (ซอย 5),household,WP,15,1,ก่อน 2026-04-01,N
C013,บ้านคุณพรทิพย์ (ถนนใหญ่),household,PTT,15,1,ก่อน 2026-04-01,N
C014,บ้านคุณรัตนา (ซอย 7),household,WP,15,1,ก่อน 2026-04-01,N
C015,บ้านคุณลำดวน (ซอย 5),household,UNQ,15,1,ก่อน 2026-04-01,N
C016,บ้านคุณรัตนา (ซอย 1),household,WP,15,1,ก่อน 2026-04-01,N
C017,บ้านคุณอำนวย (ถนนใหญ่),household,PTT,15,1,ก่อน 2026-04-01,N
C018,บ้านคุณวันเพ็ญ (ซอย 1),household,WP,15,1,ก่อน 2026-04-01,N
C019,บ้านคุณปราณี (ซอย 7),household,PTT,15,1,ก่อน 2026-04-01,N
C020,บ้านคุณจันทร์เพ็ญ (ถนนใหญ่),household,UNQ,15,1,ก่อน 2026-04-01,N
C021,บ้านคุณลำดวน (ถนนใหญ่),household,PTT,15,1,ก่อน 2026-04-01,N
C022,บ้านคุณจันทร์เพ็ญ (หมู่บ้านสุขใจ),household,PTT,15,0,2026-08-31,N
C023,บ้านคุณอำนวย (ซอย 3),household,SGP,15,1,ก่อน 2026-04-01,N
C024,บ้านคุณวิชัย (ชุมชนริมคลอง),household,PTT,15,0,2026-06-01,N
C025,บ้านคุณณรงค์ (หมู่บ้านสุขใจ),household,WP,15,1,ก่อน 2026-04-01,N
C026,บ้านคุณชัยวัฒน์ (ตลาดนัดเย็น),household,WP,15,1,ก่อน 2026-04-01,N
C027,บ้านคุณสุรชัย (หมู่บ้านร่มเย็น),household,UNQ,15,1,ก่อน 2026-04-01,N
C028,บ้านคุณปราณี (ถนนใหญ่),household,PTT,4,1,ก่อน 2026-04-01,N
C029,บ้านคุณชัยวัฒน์ (ถนนใหญ่),household,WP,15,1,ก่อน 2026-04-01,N
C030,บ้านคุณประยูร (ซอย 3),household,PTT,15,1,ก่อน 2026-04-01,N
C031,บ้านคุณสมพร (ชุมชนริมคลอง),household,WP,15,0,2026-06-18,N
C032,บ้านคุณบุญมี (ชุมชนริมคลอง),household,UNQ,15,1,ก่อน 2026-04-01,N
C033,บ้านคุณมาลี (ชุมชนริมคลอง),household,UNQ,15,1,ก่อน 2026-04-01,N
C034,บ้านคุณสมชาย (ซอย 1),household,UNQ,15,1,ก่อน 2026-04-01,N
C035,บ้านคุณรัตนา (ตลาดเช้า),household,UNQ,15,1,ก่อน 2026-04-01,N
C036,บ้านคุณเกษม (ตลาดเช้า),household,WP,15,1,ก่อน 2026-04-01,N
C037,บ้านคุณไพโรจน์ (ซอย 3),household,WP,15,1,ก่อน 2026-04-01,N
C038,บ้านคุณทองดี (ซอย 7),household,SGP,15,1,ก่อน 2026-04-01,N
C039,บ้านคุณนงลักษณ์ (หมู่บ้านร่มเย็น),household,PTT,15,1,ก่อน 2026-04-01,N
C040,บ้านคุณวันเพ็ญ (ชุมชนริมคลอง),household,UNQ,15,0,2026-06-12,N
C041,บ้านคุณวิชัย (ซอย 7),household,UNQ,15,1,ก่อน 2026-04-01,N
C042,บ้านคุณอรุณ (หมู่บ้านร่มเย็น),household,WP,15,1,ก่อน 2026-04-01,N
C043,บ้านคุณสมพร (ตลาดเช้า),household,WP,15,1,ก่อน 2026-04-01,N
C044,บ้านคุณไพโรจน์ (ซอย 1),household,WP,15,1,ก่อน 2026-04-01,N
C045,บ้านคุณพรทิพย์ (ซอย 5),household,PTT,4,1,ก่อน 2026-04-01,N
C046,บ้านคุณกาญจนา (ซอย 1),household,WP,15,1,ก่อน 2026-04-01,N
C047,บ้านคุณบุญมี (ซอย 7),household,SGP,15,0,2026-08-12,N
C048,บ้านคุณพรทิพย์ (หมู่บ้านร่มเย็น),household,UNQ,15,1,ก่อน 2026-04-01,N
C049,บ้านคุณวิชัย (หมู่บ้านร่มเย็น),household,PTT,15,1,ก่อน 2026-04-01,N
C050,บ้านคุณไพโรจน์ (ซอย 7),household,SGP,15,1,ก่อน 2026-04-01,N
C051,บ้านคุณชัยวัฒน์ (ซอย 7),household,UNQ,15,0,2026-07-12,N
C052,บ้านคุณเกษม (ชุมชนริมคลอง),household,WP,15,1,ก่อน 2026-04-01,N
C053,บ้านคุณสุรชัย (ซอย 1),household,PTT,15,1,ก่อน 2026-04-01,N
C054,บ้านคุณอำนวย (ตลาดนัดเย็น),household,UNQ,4,1,ก่อน 2026-04-01,N
C055,บ้านคุณบุญมี (หมู่บ้านร่มเย็น),household,PTT,15,1,ก่อน 2026-04-01,N
C056,บ้านคุณสายใจ (ซอย 5),household,WP,15,1,ก่อน 2026-04-01,N
C057,บ้านคุณทองดี (ตลาดนัดเย็น),household,SGP,15,1,ก่อน 2026-04-01,N
C058,บ้านคุณบุญมี (ซอย 5),household,WP,15,1,ก่อน 2026-04-01,N
C059,บ้านคุณธวัชชัย (หมู่บ้านร่มเย็น),household,WP,4,1,ก่อน 2026-04-01,N
C060,บ้านคุณสมศรี (ซอย 3),household,SGP,15,1,ก่อน 2026-04-01,N
C061,บ้านคุณสายใจ (ซอย 7),household,WP,15,1,ก่อน 2026-04-01,N
C062,บ้านคุณลำดวน (ตลาดเช้า),household,WP,15,1,ก่อน 2026-04-01,N
C063,บ้านคุณณรงค์ (ตลาดเช้า),household,WP,15,1,ก่อน 2026-04-01,N
C064,บ้านคุณสายใจ (ตลาดเช้า),household,PTT,15,1,ก่อน 2026-04-01,N
C065,บ้านคุณสุรชัย (ตลาดเช้า),household,SGP,15,1,ก่อน 2026-04-01,N
C066,บ้านคุณอรุณ (ซอย 7),household,SGP,15,1,ก่อน 2026-04-01,N
C067,บ้านคุณสุรชัย (ซอย 3),household,PTT,4,1,ก่อน 2026-04-01,N
C068,บ้านคุณวันเพ็ญ (ตลาดเช้า),household,PTT,15,1,ก่อน 2026-04-01,N
C069,บ้านคุณมาลี (ซอย 7),household,WP,15,1,ก่อน 2026-04-01,N
C070,บ้านคุณลำดวน (ซอย 3),household,WP,15,1,ก่อน 2026-04-01,N
C071,บ้านคุณมาลี (หมู่บ้านสุขใจ),household,UNQ,15,1,ก่อน 2026-04-01,N
C072,บ้านคุณณรงค์ (ชุมชนริมคลอง),household,WP,15,0,2026-05-18,N
C073,บ้านคุณณรงค์ (ซอย 3),household,PTT,15,1,ก่อน 2026-04-01,N
C074,บ้านคุณลำดวน (ซอย 1),household,PTT,15,1,ก่อน 2026-04-01,N
C075,บ้านคุณวิชัย (ซอย 1),household,WP,15,0,2026-07-09,N
C076,บ้านคุณจันทร์เพ็ญ (ตลาดนัดเย็น),household,WP,15,1,ก่อน 2026-04-01,N
C077,บ้านคุณประยูร (ซอย 5),household,UNQ,15,0,2026-09-08,N
C078,บ้านคุณสุรชัย (ตลาดนัดเย็น),household,UNQ,4,1,ก่อน 2026-04-01,N
C079,บ้านคุณสุนีย์ (ซอย 7),household,UNQ,15,1,ก่อน 2026-04-01,N
C080,บ้านคุณเกษม (ซอย 3),household,WP,15,0,2026-07-30,N
C081,บ้านคุณสุนีย์ (ซอย 1),household,UNQ,15,1,ก่อน 2026-04-01,N
C082,บ้านคุณกาญจนา (หมู่บ้านสุขใจ),household,UNQ,15,1,ก่อน 2026-04-01,N
C083,บ้านคุณจันทร์เพ็ญ (ซอย 7),household,UNQ,15,1,ก่อน 2026-04-01,N
C084,บ้านคุณบุญมี (ตลาดนัดเย็น),household,PTT,4,1,ก่อน 2026-04-01,N
C085,บ้านคุณสมชาย (ซอย 3),household,WP,15,0,2026-09-03,N
C086,บ้านคุณปราณี (ตลาดนัดเย็น),household,PTT,15,1,ก่อน 2026-04-01,N
C087,บ้านคุณจันทร์เพ็ญ (ซอย 5),household,WP,15,1,ก่อน 2026-04-01,N
C088,บ้านคุณมาลี (ซอย 1),household,PTT,15,1,ก่อน 2026-04-01,N
C089,บ้านคุณเกษม (หมู่บ้านร่มเย็น),household,UNQ,15,1,ก่อน 2026-04-01,N
C090,บ้านคุณสมศรี (หมู่บ้านสุขใจ),household,WP,15,1,ก่อน 2026-04-01,N
C091,บ้านคุณทองดี (ซอย 3),household,PTT,15,1,ก่อน 2026-04-01,N
C092,บ้านคุณชัยวัฒน์ (ชุมชนริมคลอง),household,WP,15,0,2026-08-03,N
C093,บ้านคุณอรุณ (ถนนใหญ่),household,UNQ,15,1,ก่อน 2026-04-01,N
C094,บ้านคุณวันเพ็ญ (ถนนใหญ่),household,SGP,15,1,ก่อน 2026-04-01,N
C095,บ้านคุณประยูร (หมู่บ้านร่มเย็น),household,WP,15,1,ก่อน 2026-04-01,N
C096,บ้านคุณปราณี (ซอย 3),household,WP,15,1,ก่อน 2026-04-01,N
C097,บ้านคุณสมชาย (ซอย 7),household,WP,15,1,ก่อน 2026-04-01,N
C098,บ้านคุณสมพร (ถนนใหญ่),household,WP,15,1,ก่อน 2026-04-01,N
C099,บ้านคุณพรทิพย์ (ตลาดเช้า),household,WP,15,1,ก่อน 2026-04-01,N
C100,บ้านคุณบุญมี (ซอย 1),household,PTT,15,1,ก่อน 2026-04-01,N
C101,บ้านคุณทองดี (ซอย 5),household,WP,15,1,ก่อน 2026-04-01,N
C102,บ้านคุณกาญจนา (ตลาดเช้า),household,PTT,4,1,ก่อน 2026-04-01,N
C103,บ้านคุณสุนีย์ (หมู่บ้านสุขใจ),household,PTT,15,0,2026-07-23,N
C104,บ้านคุณกาญจนา (ชุมชนริมคลอง),household,UNQ,15,1,ก่อน 2026-04-01,N
C105,บ้านคุณสุรชัย (หมู่บ้านสุขใจ),household,WP,15,1,ก่อน 2026-04-01,N
C106,บ้านคุณมาลี (ตลาดนัดเย็น),household,PTT,4,1,ก่อน 2026-04-01,N
C107,บ้านคุณเกษม (ซอย 7),household,UNQ,15,1,ก่อน 2026-04-01,N
C108,บ้านคุณสมศรี (หมู่บ้านร่มเย็น),household,WP,15,1,ก่อน 2026-04-01,N
C109,บ้านคุณสุนีย์ (ซอย 3),household,WP,15,1,ก่อน 2026-04-01,N
C110,บ้านคุณปราณี (ชุมชนริมคลอง),household,UNQ,15,0,2026-07-01,N
C111,บ้านคุณณรงค์ (หมู่บ้านร่มเย็น),household,WP,15,1,ก่อน 2026-04-01,N
C112,บ้านคุณสมชาย (ตลาดนัดเย็น),household,WP,15,1,ก่อน 2026-04-01,N
C113,บ้านคุณรัตนา (ตลาดนัดเย็น),household,WP,15,1,ก่อน 2026-04-01,N
C114,บ้านคุณอรุณ (ซอย 1),household,UNQ,15,1,ก่อน 2026-04-01,N
C115,บ้านคุณสุนีย์ (ชุมชนริมคลอง),household,PTT,15,1,ก่อน 2026-04-01,N
C116,บ้านคุณสมพร (ตลาดนัดเย็น),household,SGP,15,1,ก่อน 2026-04-01,N
C117,บ้านคุณไพโรจน์ (ชุมชนริมคลอง),household,PTT,4,1,ก่อน 2026-04-01,N
C118,บ้านคุณณรงค์ (ซอย 5),household,UNQ,4,0,2026-05-24,N
C119,บ้านคุณอรุณ (หมู่บ้านสุขใจ),household,WP,4,1,ก่อน 2026-04-01,N
C120,บ้านคุณสายใจ (ถนนใหญ่),household,WP,15,1,ก่อน 2026-04-01,N
C121,บ้านคุณอรุณ (ชุมชนริมคลอง),household,WP,15,1,ก่อน 2026-04-01,N
C122,บ้านคุณสุรชัย (ชุมชนริมคลอง),household,UNQ,15,1,ก่อน 2026-04-01,N
C123,บ้านคุณสมศรี (ตลาดเช้า),household,WP,15,1,ก่อน 2026-04-01,N
C124,บ้านคุณนงลักษณ์ (ถนนใหญ่),household,WP,15,1,ก่อน 2026-04-01,N
C125,บ้านคุณสมพร (ซอย 3),household,WP,15,1,ก่อน 2026-04-01,N
C126,บ้านคุณบุญมี (ถนนใหญ่),household,SGP,15,0,2026-09-01,N
C127,บ้านคุณณรงค์ (ถนนใหญ่),household,SGP,15,0,2026-09-08,N
C128,บ้านคุณประยูร (ซอย 7),household,WP,15,1,ก่อน 2026-04-01,N
C129,บ้านคุณเกษม (ซอย 1),household,WP,15,1,ก่อน 2026-04-01,N
C130,บ้านคุณสมชาย (ถนนใหญ่),household,WP,15,1,ก่อน 2026-04-01,N
C131,บ้านคุณอำนวย (ซอย 5),household,SGP,15,1,ก่อน 2026-04-01,N
C132,บ้านคุณไพโรจน์ (ตลาดเช้า),household,WP,15,1,ก่อน 2026-04-01,N
C133,บ้านคุณอำนวย (ชุมชนริมคลอง),household,WP,15,0,2026-05-11,N
C134,บ้านคุณธวัชชัย (ชุมชนริมคลอง),household,PTT,15,1,ก่อน 2026-04-01,N
C135,บ้านคุณธวัชชัย (หมู่บ้านสุขใจ),household,PTT,15,1,ก่อน 2026-04-01,N
C136,บ้านคุณรัตนา (ชุมชนริมคลอง),household,PTT,15,1,ก่อน 2026-04-01,N
C137,บ้านคุณรัตนา (ถนนใหญ่),household,PTT,15,1,ก่อน 2026-04-01,N
C138,บ้านคุณสมพร (หมู่บ้านร่มเย็น),household,WP,15,1,ก่อน 2026-04-01,N
C139,บ้านคุณลำดวน (ซอย 7),household,WP,15,1,ก่อน 2026-04-01,N
C140,บ้านคุณบุญมี (ซอย 3),household,PTT,15,1,ก่อน 2026-04-01,N
C141,บ้านคุณนงลักษณ์ (ชุมชนริมคลอง),household,SGP,15,1,ก่อน 2026-04-01,N
C142,บ้านคุณวันเพ็ญ (หมู่บ้านร่มเย็น),household,PTT,15,1,ก่อน 2026-04-01,N
C143,บ้านคุณธวัชชัย (ซอย 5),household,UNQ,15,0,2026-04-20,N
C144,บ้านคุณมาลี (ซอย 3),household,WP,15,1,ก่อน 2026-04-01,N
C145,บ้านคุณเกษม (ถนนใหญ่),household,PTT,15,1,ก่อน 2026-04-01,N
C146,บ้านคุณสมชาย (ตลาดเช้า),household,WP,4,1,ก่อน 2026-04-01,N
C147,บ้านคุณพรทิพย์ (ซอย 7),household,WP,15,1,ก่อน 2026-04-01,N
C148,บ้านคุณชัยวัฒน์ (หมู่บ้านสุขใจ),household,PTT,4,1,ก่อน 2026-04-01,N
C149,บ้านคุณณรงค์ (ซอย 1),household,UNQ,15,1,ก่อน 2026-04-01,N
C150,บ้านคุณสายใจ (ชุมชนริมคลอง),household,UNQ,15,1,ก่อน 2026-04-01,N
C151,ร้านหมูกระทะน้าบุญมี (หมู่บ้านร่มเย็น),restaurant,UNQ,48,4,ก่อน 2026-04-01,N
C152,ร้านหมูกระทะลุงสมชาย (ชุมชนริมคลอง),restaurant,UNQ,15,6,ก่อน 2026-04-01,Y
C153,ร้านข้าวแกงเจ๊จันทร์เพ็ญ (ซอย 7),restaurant,WP,48,6,ก่อน 2026-04-01,Y
C154,ร้านโจ๊กเจ๊พรทิพย์ (ถนนใหญ่),restaurant,UNQ,48,5,ก่อน 2026-04-01,N
C155,ร้านก๋วยเตี๋ยวพี่สมชาย (หมู่บ้านร่มเย็น),restaurant,SGP,48,5,ก่อน 2026-04-01,N
C156,ร้านตามสั่งน้าสายใจ (ถนนใหญ่),restaurant,WP,15,3,ก่อน 2026-04-01,Y
C157,ร้านสุกี้น้าเกษม (ซอย 1),restaurant,WP,15,6,ก่อน 2026-04-01,N
C158,ร้านติ่มซำลุงนงลักษณ์ (หมู่บ้านร่มเย็น),restaurant,WP,48,6,ก่อน 2026-04-01,Y
C159,ร้านสุกี้พี่นงลักษณ์ (ซอย 1),restaurant,WP,15,6,ก่อน 2026-04-01,N
C160,ร้านติ่มซำลุงไพโรจน์ (หมู่บ้านสุขใจ),restaurant,WP,48,5,ก่อน 2026-04-01,N
C161,ร้านติ่มซำป้าสายใจ (ซอย 3),restaurant,PTT,15,2,ก่อน 2026-04-01,N
C162,ร้านข้าวขาหมูพี่สมชาย (ซอย 7),restaurant,PTT,15,5,ก่อน 2026-04-01,N
C163,ร้านโจ๊กน้าสมศรี (ถนนใหญ่),restaurant,UNQ,15,5,ก่อน 2026-04-01,N
C164,ร้านส้มตำไก่ย่างพี่สายใจ (ตลาดเช้า),restaurant,PTT,15,5,ก่อน 2026-04-01,Y
C165,ร้านผัดไทยลุงสมพร (ตลาดนัดเย็น),restaurant,WP,48,0,2026-06-08,Y
C166,ร้านราดหน้าลุงอำนวย (ตลาดนัดเย็น),restaurant,PTT,15,5,ก่อน 2026-04-01,Y
C167,ร้านสุกี้พี่พรทิพย์ (ชุมชนริมคลอง),restaurant,UNQ,15,6,ก่อน 2026-04-01,N
C168,ร้านข้าวขาหมูเจ๊ไพโรจน์ (ตลาดนัดเย็น),restaurant,WP,48,6,ก่อน 2026-04-01,Y
C169,ร้านตามสั่งพี่สายใจ (ซอย 3),restaurant,WP,15,4,ก่อน 2026-04-01,Y
C170,ร้านก๋วยเตี๋ยวป้าสายใจ (หมู่บ้านสุขใจ),restaurant,UNQ,15,5,ก่อน 2026-04-01,N
C171,ร้านราดหน้าพี่ลำดวน (ตลาดเช้า),restaurant,SGP,48,4,ก่อน 2026-04-01,N
C172,ร้านข้าวมันไก่เจ๊ณรงค์ (ซอย 5),restaurant,WP,15,0,2026-08-15,N
C173,ร้านข้าวขาหมูเจ๊พรทิพย์ (หมู่บ้านสุขใจ),restaurant,WP,48,4,ก่อน 2026-04-01,N
C174,ร้านหมูกระทะเจ๊สมศรี (ซอย 7),restaurant,SGP,48,5,ก่อน 2026-04-01,Y
C175,ร้านติ่มซำน้าสมศรี (ตลาดนัดเย็น),restaurant,SGP,15,4,ก่อน 2026-04-01,N
C176,ร้านข้าวขาหมูป้ามาลี (ซอย 7),restaurant,PTT,15,4,ก่อน 2026-04-01,N
C177,ร้านผัดไทยป้าอรุณ (ตลาดเช้า),restaurant,UNQ,48,6,ก่อน 2026-04-01,Y
C178,ร้านหมูกระทะน้าสมชาย (ถนนใหญ่),restaurant,WP,15,4,ก่อน 2026-04-01,Y
C179,ร้านตามสั่งป้าจันทร์เพ็ญ (หมู่บ้านสุขใจ),restaurant,WP,15,3,ก่อน 2026-04-01,N
C180,ร้านข้าวแกงลุงวิชัย (ซอย 3),restaurant,PTT,15,6,ก่อน 2026-04-01,N
C181,ร้านส้มตำไก่ย่างเจ๊ทองดี (ซอย 3),restaurant,WP,15,4,ก่อน 2026-04-01,Y
C182,ร้านข้าวแกงน้าสายใจ (ชุมชนริมคลอง),restaurant,WP,15,3,ก่อน 2026-04-01,N
C183,ร้านสุกี้น้าบุญมี (หมู่บ้านสุขใจ),restaurant,UNQ,15,6,ก่อน 2026-04-01,Y
C184,ร้านข้าวแกงป้าสมชาย (ซอย 3),restaurant,PTT,48,6,ก่อน 2026-04-01,N
C185,ร้านข้าวขาหมูน้าเกษม (ตลาดนัดเย็น),restaurant,WP,15,2,ก่อน 2026-04-01,Y
C186,ร้านโจ๊กป้ามาลี (ถนนใหญ่),restaurant,UNQ,15,4,ก่อน 2026-04-01,Y
C187,ร้านหมูกระทะพี่นงลักษณ์ (หมู่บ้านสุขใจ),restaurant,WP,48,2,ก่อน 2026-04-01,N
C188,ร้านหมูกระทะน้าบุญมี (ถนนใหญ่),restaurant,SGP,15,3,ก่อน 2026-04-01,Y
C189,ร้านผัดไทยป้าอำนวย (หมู่บ้านสุขใจ),restaurant,WP,48,4,ก่อน 2026-04-01,N
C190,ร้านราดหน้าลุงพรทิพย์ (ซอย 7),restaurant,SGP,15,4,ก่อน 2026-04-01,Y
C191,ร้านข้าวขาหมูพี่สายใจ (หมู่บ้านร่มเย็น),restaurant,PTT,15,6,ก่อน 2026-04-01,Y
C192,ร้านข้าวแกงเจ๊กาญจนา (ซอย 1),restaurant,PTT,15,2,ก่อน 2026-04-01,N
C193,ร้านส้มตำไก่ย่างเจ๊ทองดี (ชุมชนริมคลอง),restaurant,PTT,48,3,ก่อน 2026-04-01,Y
C194,ร้านราดหน้าป้าประยูร (ซอย 7),restaurant,PTT,15,5,ก่อน 2026-04-01,Y
C195,ร้านผัดไทยป้าลำดวน (ถนนใหญ่),restaurant,PTT,15,6,ก่อน 2026-04-01,N
C196,รถเข็นหมูปิ้งพี่สุนีย์ (ซอย 1),vendor,WP,15,2,ก่อน 2026-04-01,N
C197,รถเข็นปาท่องโก๋ป้าพรทิพย์ (ถนนใหญ่),vendor,WP,15,2,ก่อน 2026-04-01,N
C198,รถเข็นกล้วยทอดเจ๊กาญจนา (หมู่บ้านร่มเย็น),vendor,SGP,4,1,ก่อน 2026-04-01,N
C199,รถเข็นปาท่องโก๋ลุงชัยวัฒน์ (หมู่บ้านสุขใจ),vendor,UNQ,15,2,ก่อน 2026-04-01,N
C200,รถเข็นไก่ทอดลุงปราณี (หมู่บ้านร่มเย็น),vendor,WP,15,2,ก่อน 2026-04-01,N
C201,รถเข็นไข่นกกระทาพี่ชัยวัฒน์ (ซอย 1),vendor,WP,4,2,ก่อน 2026-04-01,N
C202,รถเข็นขนมครกลุงปราณี (ซอย 5),vendor,WP,4,0,2026-06-02,Y
C203,รถเข็นลูกชิ้นทอดลุงทองดี (ถนนใหญ่),vendor,PTT,4,1,ก่อน 2026-04-01,N
C204,รถเข็นหมูปิ้งน้าธวัชชัย (หมู่บ้านสุขใจ),vendor,WP,15,1,ก่อน 2026-04-01,Y
C205,รถเข็นลูกชิ้นทอดเจ๊ณรงค์ (ตลาดนัดเย็น),vendor,WP,15,1,ก่อน 2026-04-01,N
C206,รถเข็นขนมครกเจ๊สมศรี (หมู่บ้านร่มเย็น),vendor,PTT,15,0,2026-08-21,N
C207,รถเข็นไก่ทอดพี่วิชัย (ซอย 7),vendor,PTT,15,1,ก่อน 2026-04-01,N
C208,รถเข็นลูกชิ้นทอดป้ามาลี (หมู่บ้านร่มเย็น),vendor,WP,15,2,ก่อน 2026-04-01,N
C209,รถเข็นปาท่องโก๋ลุงสุนีย์ (ตลาดนัดเย็น),vendor,WP,4,0,2026-07-28,N
C210,รถเข็นไข่นกกระทาเจ๊อำนวย (หมู่บ้านร่มเย็น),vendor,PTT,4,1,ก่อน 2026-04-01,N
C211,รถเข็นไข่นกกระทาพี่สมพร (ตลาดนัดเย็น),vendor,WP,4,2,ก่อน 2026-04-01,N
C212,รถเข็นไก่ทอดป้ากาญจนา (ซอย 1),vendor,SGP,15,0,2026-08-06,N
C213,รถเข็นลูกชิ้นทอดพี่สายใจ (ชุมชนริมคลอง),vendor,WP,4,1,ก่อน 2026-04-01,N
C214,รถเข็นโรตีเจ๊กาญจนา (ตลาดนัดเย็น),vendor,SGP,15,2,ก่อน 2026-04-01,N
C215,รถเข็นกล้วยทอดลุงณรงค์ (ซอย 3),vendor,UNQ,4,2,ก่อน 2026-04-01,N
C216,รถเข็นขนมครกพี่ธวัชชัย (หมู่บ้านสุขใจ),vendor,WP,15,2,ก่อน 2026-04-01,N
C217,รถเข็นไข่นกกระทาพี่ประยูร (ชุมชนริมคลอง),vendor,SGP,4,1,ก่อน 2026-04-01,N
C218,รถเข็นปาท่องโก๋น้าธวัชชัย (ซอย 7),vendor,WP,15,2,ก่อน 2026-04-01,N
C219,รถเข็นหมูปิ้งพี่ลำดวน (ซอย 7),vendor,PTT,4,1,ก่อน 2026-04-01,N
C220,รถเข็นหมูปิ้งน้าจันทร์เพ็ญ (ซอย 7),vendor,PTT,15,1,ก่อน 2026-04-01,N
