payment_id,date,customer_id,amount,method
P0001,2026-04-27,C186,7191,transfer
P0002,2026-05-01,C185,2451,cash
P0003,2026-05-02,C181,6345,cash
P0004,2026-05-02,C193,14850,transfer
P0005,2026-05-02,C204,1692,cash
P0006,2026-05-03,C156,5499,transfer
P0007,2026-05-03,C164,5922,transfer
P0008,2026-05-04,C183,8460,cash
P0009,2026-05-05,C168,29700,cash
P0010,2026-05-05,C169,8460,transfer
P0011,2026-05-05,C174,15176,transfer
P0012,2026-05-07,C190,3620,cash
P0013,2026-05-07,C194,3954,transfer
P0014,2026-05-08,C177,31050,transfer
P0015,2026-05-09,C178,7614,transfer
P0016,2026-05-09,C191,11421,transfer
P0017,2026-05-10,C158,27000,cash
P0018,2026-05-11,C152,8883,transfer
P0019,2026-05-11,C153,23583,cash
P0020,2026-05-11,C188,4653,transfer
P0021,2026-05-12,C166,9306,transfer
P0022,2026-05-29,C186,6768,cash
P0023,2026-05-31,C156,3384,cash
P0024,2026-05-31,C204,1269,transfer
P0025,2026-06-01,C183,5076,transfer
P0026,2026-06-04,C169,5076,transfer
P0027,2026-06-04,C181,5499,transfer
P0028,2026-06-04,C193,12150,transfer
P0029,2026-06-05,C164,8883,transfer
P0030,2026-06-06,C168,25650,transfer
P0031,2026-06-06,C191,6345,transfer
P0032,2026-06-07,C178,8037,transfer
P0033,2026-06-09,C177,24300,transfer
P0034,2026-06-13,C152,11421,cash
P0035,2026-06-13,C188,5499,cash
P0036,2026-06-14,C158,21600,cash
P0037,2026-06-16,C166,7614,cash
P0038,2026-06-25,C153,31819,transfer
P0039,2026-06-25,C204,1269,cash
P0040,2026-06-27,C183,5922,transfer
P0041,2026-06-29,C202,480,transfer
P0042,2026-06-30,C156,4230,transfer
P0043,2026-07-02,C174,35835,cash
P0044,2026-07-03,C186,6345,cash
P0045,2026-07-04,C164,4653,transfer
P0046,2026-07-05,C185,6623,transfer
P0047,2026-07-06,C178,5499,transfer
P0048,2026-07-07,C177,14850,transfer
P0049,2026-07-08,C188,2961,transfer
P0050,2026-07-08,C193,14850,transfer
P0051,2026-07-09,C181,5922,transfer
P0052,2026-07-09,C191,9729,transfer
P0053,2026-07-10,C152,8460,transfer
P0054,2026-07-11,C168,36450,cash
P0055,2026-07-12,C166,3807,transfer
P0056,2026-07-13,C165,29700,transfer
P0057,2026-07-15,C158,22950,transfer
P0058,2026-07-18,C194,13576,cash
P0059,2026-07-21,C190,7763,cash
P0060,2026-07-25,C183,4230,transfer
P0061,2026-07-29,C204,1692,transfer
P0062,2026-08-03,C156,4230,transfer
P0063,2026-08-03,C202,640,transfer
P0064,2026-08-06,C186,5499,transfer
P0065,2026-08-07,C177,20250,transfer
P0066,2026-08-08,C164,8460,transfer
P0067,2026-08-09,C152,6768,cash
P0068,2026-08-10,C153,50768,transfer
P0069,2026-08-10,C165,17550,transfer
P0070,2026-08-10,C178,7191,transfer
P0071,2026-08-11,C181,5076,transfer
P0072,2026-08-11,C191,8460,transfer
P0073,2026-08-11,C193,12150,transfer
P0074,2026-08-13,C168,33750,transfer
P0075,2026-08-14,C166,5922,cash
P0076,2026-08-17,C158,27000,cash
P0077,2026-08-23,C183,5922,cash
P0078,2026-08-23,C185,3158,transfer
P0079,2026-08-26,C204,846,cash
P0080,2026-08-29,C202,480,cash
P0081,2026-08-30,C156,4230,transfer
P0082,2026-09-02,C174,32411,cash
P0083,2026-09-03,C164,5922,transfer
P0084,2026-09-05,C186,4230,cash
P0085,2026-09-06,C177,33750,transfer
P0086,2026-09-07,C152,8460,transfer
P0087,2026-09-07,C165,14850,cash
P0088,2026-09-09,C168,27000,transfer
P0089,2026-09-09,C178,6768,transfer
P0090,2026-09-09,C191,8460,cash
P0091,2026-09-12,C166,5499,transfer
P0092,2026-09-13,C158,22950,transfer
P0093,2026-09-14,C181,8460,transfer
P0094,2026-09-14,C193,16200,cash
P0095,2026-09-16,C194,8875,cash
P0096,2026-09-20,C190,12885,transfer
P0097,2026-09-24,C202,480,transfer
P0098,2026-09-24,C204,1269,transfer
P0099,2026-09-26,C183,9306,transfer
P0100,2026-09-29,C156,4230,cash
